,label,text_final,sentiment_ratings,time
0,['All'],"['note', 'post', 'throwaway', 'active', 'redditor', 'avoid', 'disclose', 'main', 'account', 'contain', 'information', 'like', 'reveal', 'however', 'may', 'know', 'essentially', 'bar', 'return', 'lesson', 'government', 'moe', 'school', 'become', 'target', 'moe', 'give', 'bit', 'background', 'transgender', 'use', 'pronoun', 'use', 'attend', 'primary', 'school', 'bad', 'period', 'life', 'could', 'fit', 'constantly', 'get', 'bully', 'soft', 'man', 'bully', 'despite', 'always', 'want', 'dress', 'like', 'girl', 'typical', 'female', 'hairstyle', 'etc', 'thing', 'take', 'turn', 'ever', 'since', 'enter', 'secondary', 'school', 'start', 'make', 'friend', 'understand', 'identity', 'take', 'gender', 'clinic', 'imh', 'however', 'since', 'get', 'medical', 'diagnosis', 'gender', 'dysphoria', 'imh', 'school', 'life', 'moe', 'system', 'go', 'great', 'utter', 'trash', 'pretty', 'much', 'force', 'transfer', 'current', 'school', 'polytechnic', 'course', 'really', 'ideal', 'exactly', 'line', 'ambition', 'mind', 'gender', 'dysphoria', 'list', 'disorder', 'gender', 'identity', 'disorder', 'timeline', 'ever', 'since', 'get', 'diagnosis', 'inform', 'moe', 'jc', 'reply', 'moe', 'accord', 'school', 'administration', 'simply', 'new', 'issue', 'would', 'like', 'work', 'learn', 'well', 'several', 'month', 'though', 'rule', 'vague', 'give', 'proper', 'diagnosis', 'qualify', 'doctor', 'classmate', 'subject', 'tutor', 'highly', 'supportive', 'undergo', 'hormone', 'therapy', 'treatment', 'explicitly', 'state', 'recommend', 'multiple', 'doctor', 'attend', 'trans', 'patient', 'singapore', 'request', 'suddenly', 'block', 'moe', 'intervene', 'apparently', 'reason', 'moe', 'school', 'control', 'every', 'right', 'say', 'treatment', 'meant', 'doctor', 'call', 'referral', 'cause', 'mental', 'trauma', 'affected', 'ability', 'pas', 'present', 'female', 'alongside', 'inform', 'cut', 'hair', 'fit', 'boy', 'hairstyle', 'handbook', 'specifically', 'wear', 'male', 'uniform', 'could', 'probably', 'slip', 'radar', 'seem', 'unlikely', 'trouble', 'start', 'month', 'addition', 'become', 'unable', 'fit', 'boy', 'uniform', 'somehow', 'get', 'hormone', 'therapy', 'would', 'expel', 'school', 'instead', 'allow', 'wear', 'female', 'uniform', 'principal', 'explanation', 'presentation', 'would', 'disruptive', 'school', 'environment', 'student', 'severe', 'autism', 'right', 'moe', 'moh', 'moe', 'interfere', 'medical', 'care', 'irony', 'moe', 'advocate', 'mental', 'health', 'issue', 'http', 'speak', 'others', 'experience', 'outright', 'lie', 'farce', 'gain', 'support', 'young', 'generation', 'student', 'update', 'moe', 'post', 'complete', 'denial', 'http', 'issue', 'facebook', 'outright', 'lie', 'contradicts', 'told', 'doctor', 'sure', 'classmate', 'vouch', 'addition', 'respect', 'pronoun', 'instead', 'intentionally', 'misgendered', 'advice', 'recommendation']",-0.34,2021-01-14 13:44:37
1,['Uni'],"['firstly', 'might', 'sound', 'incredulous', 'many', 'nu', 'dentistry', 'incredibly', 'oppressive', 'place', 'student', 'expect', 'fall', 'line', 'attract', 'attention', 'get', 'trouble', 'often', 'heard', 'friend', 'medicine', 'able', 'feedback', 'school', 'problem', 'face', 'find', 'incredibly', 'hard', 'see', 'day', 'faculty', 'dentistry', 'entertains', 'student', 'feedback', 'every', 'year', 'school', 'asks', 'student', 'feedback', 'almost', 'every', 'year', 'student', 'feedback', 'participation', 'incredibly', 'low', 'school', 'blame', 'student', 'lazy', 'unresponsive', 'school', 'ever', 'ask', 'perhaps', 'student', 'realise', 'feedback', 'even', 'matter', 'would', 'feedback', 'none', 'take', 'consideration', 'respond', 'survey', 'dismiss', 'lecturer', 'supervisor', 'repeat', 'cycle', 'instruction', 'every', 'year', 'secondly', 'student', 'even', 'junior', 'staff', 'often', 'call', 'upon', 'respect', 'hierarchy', 'even', 'right', 'wrong', 'long', 'opinion', 'clash', 'someone', 'senior', 'taught', 'keep', 'head', 'school', 'every', 'time', 'shout', 'scold', 'spoken', 'like', 'worthless', 'take', 'beating', 'laid', 'low', 'fair', 'kept', 'radar', 'enough', 'slip', 'afterall', 'none', 'u', 'escape', 'place', 'without', 'get', 'scuffed', 'little', 'small', 'price', 'pay', 'get', 'never', 'really', 'get', 'brunt', 'beating', 'classmate', 'less', 'fortunate', 'challenged', 'charge', 'punish', 'life', 'make', 'difficult', 'retain', 'result', 'thirdly', 'school', 'political', 'minefield', 'tension', 'exist', 'within', 'staff', 'within', 'student', 'student', 'staff', 'staff', 'member', 'dislike', 'often', 'contradict', 'one', 'another', 'either', 'openly', 'subtly', 'student', 'get', 'caught', 'crossfire', 'idea', 'supervisor', 'call', 'another', 'plan', 'stupid', 'something', 'uncommon', 'although', 'think', 'splurting', 'expletive', 'common', 'sight', 'day', 'patient', 'might', 'caught', 'supervisor', 'bad', 'day', 'staff', 'tend', 'splurt', 'expletive', 'front', 'patient', 'might', 'kind', 'student', 'even', 'junior', 'staff', 'private', 'even', 'student', 'sometime', 'compete', 'one', 'another', 'ugly', 'fight', 'student', 'give', 'little', 'resource', 'work', 'thrown', 'seemingly', 'impossible', 'situation', 'sometimes', 'turn', 'dog', 'eat', 'dog', 'world', 'fit', 'vicious', 'survives', 'fourthly', 'system', 'power', 'abuse', 'reflect', 'way', 'faculty', 'treat', 'student', 'also', 'less', 'staff', 'completely', 'disagree', 'member', 'healthcare', 'system', 'must', 'treat', 'equally', 'janitor', 'dental', 'nurse', 'dental', 'nurse', 'even', 'chase', 'janitor', 'pantry', 'ban', 'use', 'fridge', 'recently', 'lab', 'technician', 'almost', 'quit', 'faculty', 'due', 'management', 'abuse', 'result', 'student', 'lose', 'technician', 'support', 'need', 'complete', 'denture', 'crown', 'case', 'feel', 'sorry', 'student', 'still', 'study', 'hard', 'time', 'seem', 'impossible', 'right', 'hope', 'school', 'manages', 'hire', 'labtechs', 'help', 'struggle', 'kid', 'fifthly', 'student', 'place', 'incredible', 'stressful', 'force', 'dental', 'school', 'exerts', 'know', 'singaporean', 'dental', 'student', 'expect', 'source', 'patient', 'need', 'graduate', 'school', 'send', 'way', 'bulk', 'patient', 'found', 'include', 'filling', 'root', 'canal', 'therapy', 'gum', 'disease', 'denture', 'crown', 'even', 'surgical', 'extraction', 'ever', 'try', 'look', 'patient', 'completely', 'teeth', 'amongst', 'friend', 'family', 'zero', 'teeth', 'like', 'try', 'strike', 'gold', 'mud', 'river', 'student', 'overseas', 'pressure', 'place', 'give', 'patient', 'school', 'deems', 'part', 'job', 'supply', 'student', 'necessary', 'patient', 'help', 'get', 'sufficient', 'training', 'case', 'singapore', 'singapore', 'patient', 'simply', 'get', 'retain', 'year', 'unsubsidised', 'school', 'fee', 'sgd', 'subsidise', 'year', 'lose', 'opportunity', 'cost', 'term', 'start', 'income', 'come', 'sgd', 'imagine', 'lose', 'sgd', 'simply', 'find', 'enough', 'patient', 'work', 'uk', 'australia', 'student', 'never', 'worry', 'thing', 'simply', 'school', 'believe', 'job', 'provide', 'student', 'resource', 'need', 'bolster', 'training', 'yet', 'elite', 'world', 'class', 'institution', 'fails', 'sixthly', 'insult', 'poor', 'student', 'treatment', 'overseas', 'even', 'local', 'medical', 'school', 'teacher', 'maintain', 'certain', 'degree', 'respect', 'student', 'encourage', 'ask', 'learn', 'enjoy', 'course', 'study', 'nu', 'dentistry', 'seem', 'case', 'stupid', 'question', 'stupid', 'student', 'also', 'stupid', 'student', 'ask', 'many', 'stupid', 'question', 'teacher', 'mean', 'number', 'give', 'dental', 'student', 'nightmare', 'decade', 'even', 'dentist', 'later', 'year', 'remember', 'day', 'torture', 'school', 'nasty', 'individual', 'student', 'constantly', 'afraid', 'wrong', 'punish', 'marked', 'negative', 'mark', 'kick', 'clinic', 'patient', 'still', 'dental', 'chair', 'shout', 'reprimand', 'call', 'name', 'star', 'worthless', 'authentic', 'learn', 'possibly', 'achieve', 'furthermore', 'member', 'staff', 'know', 'constantly', 'imply', 'student', 'step', 'line', 'punish', 'bad', 'threat', 'retention', 'since', 'much', 'dentistry', 'work', 'subjective', 'think', 'way', 'submit', 'work', 'art', 'may', 'think', 'great', 'may', 'think', 'ugly', 'assessor', 'full', 'autonomy', 'decide', 'pas', 'fail', 'build', 'denture', 'crown', 'accordance', 'design', 'assessor', 'like', 'get', 'pas', 'assessor', 'like', 'fail', 'difference', 'depends', 'vary', 'school', 'thought', 'accepted', 'faculty', 'however', 'also', 'give', 'supervisor', 'staff', 'autonomy', 'fail', 'student', 'base', 'subjective', 'idea', 'feeling', 'mean', 'supervisor', 'rarely', 'need', 'justify', 'student', 'fail', 'since', 'much', 'subjective', 'also', 'student', 'always', 'walk', 'final', 'professional', 'bd', 'exam', 'know', 'ca', 'mark', 'nobody', 'actually', 'know', 'much', 'mark', 'need', 'score', 'final', 'exam', 'graduate', 'assess', 'complete', 'mystery', 'exception', 'pedodontics', 'periodontic', 'department', 'always', 'student', 'interest', 'mind', 'dangerous', 'speak', 'know', 'batchmates', 'disliked', 'whatever', 'reason', 'speak', 'thing', 'displeases', 'certain', 'member', 'staff', 'directly', 'indirectly', 'retain', 'open', 'secret', 'faculty', 'punish', 'whoever', 'dare', 'challenge', 'authority', 'thought', 'lucky', 'admit', 'school', 'dentistry', 'saw', 'blatant', 'abuse', 'power', 'accumulate', 'power', 'many', 'year', 'something', 'never', 'expect', 'see', 'singapore', 'student', 'afraid', 'speak', 'even', 'medium', 'approach', 'school', 'warns', 'student', 'talk', 'medium', 'hope', 'letter', 'senior', 'graduate', 'let', 'struggle', 'student', 'know', 'alone', 'work', 'hard', 'strive', 'become', 'healthcare', 'worker', 'singapore', 'deserve', 'singapore', 'change', 'pap', 'change', 'voice', 'minority', 'matter', 'please', 'let', 'voice', 'cry', 'student', 'faculty', 'dentistry', 'bitter', 'graduate', 'heard', 'studentwelfarematters', 'mentalhealthmatters', 'staysilentnomore', 'noblankcheck']",-0.4019,2020-08-20 05:21:14
2,['JC'],"['hi', 'transfer', 'year', 'jc', 'somewhere', 'west', 'many', 'people', 'jc', 'develop', 'crush', 'og', 'cca', 'ec', 'cute', 'guy', 'around', 'campus', 'unfortunately', 'twist', 'fate', 'mine', 'start', 'project', 'work', 'change', 'school', 'difficult', 'acclimatise', 'never', 'expect', 'start', 'like', 'anyone', 'first', 'people', 'reach', 'knew', 'saw', 'name', 'together', 'group', 'swear', 'whenever', 'walk', 'desk', 'pw', 'lean', 'show', 'laptop', 'legit', 'doki', 'doki', 'listen', 'insight', 'topic', 'help', 'smile', 'brilliant', 'stare', 'finally', 'say', 'case', 'study', 'romantic', 'tension', 'go', 'arghhhhhhhhhhhhhhhhhhh', 'niche', 'problem', 'literally', 'ca', 'find', 'advice', 'online', 'first', 'pretty', 'happy', 'amount', 'time', 'get', 'spend', 'together', 'common', 'say', 'go', 'destroys', 'relationship', 'firstly', 'amount', 'stress', 'face', 'rewrite', 'draft', 'make', 'see', 'pw', 'bad', 'light', 'extension', 'bad', 'light', 'project', 'work', 'become', 'something', 'dread', 'even', 'could', 'establish', 'good', 'friendship', 'see', 'annoy', 'groupmate', 'kind', 'like', 'effect', 'even', 'could', 'get', 'know', 'personality', 'see', 'anxious', 'calculative', 'side', 'paint', 'really', 'terrible', 'light', 'eye', 'envious', 'classmate', 'could', 'get', 'know', 'well', 'friend', 'instead', 'force', 'project', 'together', 'relationship', 'define', 'next', 'heard', 'woe', 'friendzone', 'get', 'ready', 'zone', 'whenever', 'talk', 'always', 'pw', 'sociable', 'open', 'guy', 'nature', 'salty', 'text', 'girl', 'personal', 'life', 'whereas', 'text', 'get', 'damn', 'root', 'cause', 'gap', 'current', 'measure', 'always', 'thought', 'pw', 'conversation', 'starter', 'boy', 'hopeless', 'whenever', 'try', 'redirect', 'flesh', 'conversation', 'something', 'else', 'somehow', 'always', 'brings', 'back', 'goddamn', 'pw', 'give', 'personality', 'deep', 'agony', 'legit', 'hope', 'sia', 'bright', 'side', 'able', 'access', 'serious', 'hardworking', 'side', 'watch', 'smile', 'work', 'report', 'together', 'also', 'able', 'silently', 'support', 'like', 'spending', 'hour', 'find', 'si', 'part', 'oh', 'god', 'turn', 'improves', 'quality', 'report', 'relationship', 'get', 'way', 'well', 'give', 'much', 'laugh', 'discussion', 'even', 'offer', 'help', 'subject', 'worried', 'end', 'pw', 'spell', 'end', 'relationship', 'one', 'found', 'premise', 'colleague', 'instead', 'camaraderie', 'want', 'know', 'girl', 'pw', 'group', 'know', 'something', 'edit', 'texted', 'pw', 'cryptic']",-0.1531,2020-09-19 07:22:57
3,['All'],"['context', 'attend', 'neighbourhood', 'primary', 'school', 'graduate', 'attend', 'relatively', 'secondary', 'school', 'cop', 'throughout', 'relatively', 'limited', 'year', 'school', 'come', 'discover', 'entire', 'system', 'subject', 'cruel', 'unfair', 'make', 'absolutely', 'sense', 'essentially', 'wrong', 'even', 'know', 'hung', 'felt', 'need', 'get', 'system', 'know', 'long', 'post', 'might', 'want', 'address', 'banding', 'banding', 'banding', 'inherit', 'meritocracy', 'class', 'difference', 'funding', 'opportunity', 'rote', 'learn', 'exam', 'system', 'screw', 'banding', 'singapore', 'extremely', 'discriminatory', 'atmosphere', 'come', 'academic', 'inclination', 'clearly', 'remember', 'primary', 'student', 'split', 'class', 'base', 'academic', 'ability', 'class', 'range', 'decrease', 'performance', 'evidently', 'impact', 'student', 'life', 'age', 'education', 'system', 'already', 'label', 'child', 'accordance', 'suppose', 'intelligence', 'categorisation', 'smartness', 'impressionable', 'child', 'underperform', 'start', 'believe', 'par', 'counterpart', 'top', 'class', 'start', 'believe', 'forever', 'fat', 'get', 'c', 'd', 'conversely', 'top', 'class', 'start', 'believe', 'inherently', 'superior', 'elitism', 'start', 'school', 'assign', 'top', 'teacher', 'resource', 'top', 'class', 'whereas', 'others', 'settle', 'scrap', 'school', 'start', 'inculcate', 'student', 'top', 'class', 'cream', 'crop', 'understand', 'iq', 'difference', 'play', 'role', 'academic', 'performance', 'genuinely', 'born', 'smarter', 'understated', 'shove', 'young', 'child', 'box', 'early', 'academic', 'career', 'damage', 'consequence', 'regretfully', 'say', 'call', 'top', 'class', 'often', 'make', 'snide', 'remark', 'peer', 'primary', 'school', 'interestingly', 'although', 'framework', 'allows', 'student', 'advance', 'well', 'class', 'band', 'primary', 'class', 'virtually', 'remain', 'unchanged', 'psle', 'incessant', 'message', 'smartest', 'class', 'certainly', 'create', 'pygmalion', 'effect', 'sort', 'expectation', 'teacher', 'translate', 'high', 'grade', 'completion', 'psle', 'top', 'class', 'end', 'attend', 'prestigious', 'school', 'like', 'ri', 'tjc', 'ip', 'ahs', 'whereas', 'low', 'class', 'go', 'straight', 'na', 'nt', 'stream', 'refuse', 'believe', 'student', 'stupid', 'refuse', 'accept', 'idea', 'somehow', 'intelligent', 'however', 'believe', 'byproduct', 'cruel', 'unforgiving', 'banding', 'system', 'blind', 'understand', 'compassion', 'experienced', 'secondary', 'school', 'exact', 'happen', 'told', 'yet', 'class', 'best', 'subject', 'head', 'even', 'antagonise', 'student', 'class', 'banding', 'disgust', 'stop', 'inherit', 'meritocracy', 'money', 'theory', 'meritocracy', 'wonderful', 'idea', 'obviously', 'get', 'reward', 'hard', 'work', 'however', 'line', 'think', 'becomes', 'fallacious', 'harmful', 'student', 'affluent', 'parent', 'access', 'wide', 'gamut', 'enrichment', 'tuition', 'class', 'student', 'continually', 'outperform', 'less', 'counterpart', 'simply', 'access', 'resource', 'others', 'first', 'enter', 'current', 'secondary', 'school', 'honestly', 'appalled', 'many', 'classmate', 'live', 'land', 'property', 'many', 'parent', 'own', 'private', 'vehicle', 'come', 'neighbourhood', 'school', 'everyone', 'knew', 'live', 'hdbs', 'new', 'environment', 'jarring', 'frighten', 'student', 'inherit', 'meritocracy', 'parent', 'often', 'feel', 'comfortable', 'admit', 'parent', 'rich', 'go', 'long', 'way', 'help', 'get', 'absolutely', 'way', 'deny', 'class', 'difference', 'painfully', 'stark', 'education', 'system', 'trope', 'elite', 'school', 'student', 'snobby', 'entitle', 'brat', 'wish', 'discredit', 'elite', 'school', 'student', 'know', 'genuinely', 'amaze', 'human', 'being', 'write', 'wall', 'money', 'buy', 'good', 'education', 'edit', 'want', 'mention', 'education', 'imo', 'play', 'big', 'factor', 'widen', 'social', 'inequality', 'simply', 'put', 'good', 'school', 'good', 'connection', 'good', 'job', 'good', 'money', 'send', 'future', 'kid', 'good', 'school', 'funding', 'opportunity', 'know', 'fact', 'elite', 'school', 'churn', 'successful', 'alumnus', 'donate', 'generously', 'back', 'alma', 'mater', 'right', 'im', 'fuck', 'look', 'raffle', 'association', 'although', 'nothing', 'wrong', 'generous', 'remind', 'elite', 'school', 'already', 'get', 'funding', 'aplenty', 'moe', 'whenever', 'go', 'competition', 'event', 'say', 'elite', 'school', 'often', 'find', 'marvel', 'classroom', 'brand', 'spank', 'new', 'amenity', 'contrast', 'school', 'ca', 'even', 'afford', 'fix', 'broken', 'fuck', 'window', 'elite', 'school', 'access', 'well', 'facility', 'also', 'afford', 'send', 'student', 'various', 'course', 'competition', 'overseas', 'learn', 'journey', 'top', 'school', 'often', 'invite', 'government', 'official', 'engage', 'dialogue', 'student', 'top', 'jcs', 'also', 'afford', 'give', 'student', 'counsel', 'get', 'top', 'ivy', 'league', 'uk', 'university', 'mention', 'surplus', 'funding', 'also', 'allows', 'elite', 'school', 'explore', 'niche', 'ccas', 'school', 'brings', 'heng', 'swee', 'keat', 'quote', 'get', 'rile', 'first', 'place', 'every', 'school', 'good', 'school', 'hearing', 'sentence', 'make', 'instinctively', 'cringe', 'gag', 'school', 'good', 'parent', 'fight', 'enrol', 'dd', 'mm', 'select', 'primary', 'school', 'school', 'good', 'student', 'top', 'school', 'get', 'experience', 'thing', 'student', 'school', 'good', 'auntie', 'fawn', 'cousin', 'reunion', 'dinner', 'announce', 'attend', 'vjc', 'every', 'school', 'good', 'school', 'straight', 'b', 'frankly', 'outright', 'insult', 'majority', 'student', 'belief', 'entrenches', 'worsens', 'issue', 'hand', 'edit', 'also', 'sap', 'school', 'religious', 'school', 'make', 'sense', 'singapore', 'truly', 'multiracial', 'secular', 'school', 'need', 'exist', 'also', 'sap', 'school', 'pretty', 'much', 'chinese', 'much', 'become', 'colloquially', 'know', 'chinese', 'school', 'way', 'keep', 'chinese', 'tradition', 'alive', 'without', 'need', 'institute', 'school', 'end', 'make', 'student', 'populace', 'ignorant', 'unaware', 'similarly', 'religious', 'school', 'never', 'good', 'idea', 'intertwine', 'religion', 'education', 'believe', 'whatever', 'want', 'enforce', 'belief', 'onto', 'student', 'rote', 'learn', 'exam', 'system', 'feel', 'like', 'need', 'say', 'much', 'able', 'memorise', 'line', 'text', 'make', 'smart', 'come', 'singapore', 'proudly', 'proclaim', 'best', 'best', 'reading', 'local', 'talent', 'end', 'middle', 'management', 'workplace', 'come', 'call', 'best', 'education', 'system', 'churn', 'nobel', 'laureate', 'new', 'patent', 'rote', 'memorisation', 'wider', 'exam', 'system', 'never', 'produce', 'truly', 'bright', 'mind', 'sorry', 'view', 'distasteful', 'digest', 'really', 'need', 'say', 'bit', 'edit', 'want', 'tell', 'everyone', 'read', 'every', 'single', 'one', 'mean', 'worthy', 'unique', 'way', 'let', 'system', 'define', 'please', 'let', 'define', 'perception', 'others', 'edit', 'want', 'thank', 'everyone', 'comment', 'disagree', 'otherwise', 'wonderful', 'place', 'like', 'reddit', 'exist', 'constructive', 'discussion', 'certainly', 'learnt', 'lot', 'disagree', 'thank', 'everyone']",-0.34,2020-11-06 03:24:59
4,['All'],['meme'],0.7906,2020-11-02 23:00:24
5,['All'],"['child', 'name', 'joe', 'since', 'young', 'joe', 'dreamt', 'become', 'world', 'great', 'doctor', 'wish', 'save', 'many', 'life', 'hop', 'help', 'many', 'people', 'along', 'way', 'do', 'well', 'psle', 'manage', 'get', 'great', 'school', 'atop', 'hill', 'work', 'hard', 'everyday', 'go', 'home', 'help', 'father', 'job', 'sell', 'newspaper', 'would', 'sit', 'quietly', 'room', 'study', 'hour', 'end', 'every', 'night', 'till', 'fell', 'asleep', 'dream', 'burn', 'mind', 'try', 'best', 'secondary', 'score', 'biology', 'chemistry', 'also', 'wish', 'become', 'doctor', 'help', 'sustain', 'family', 'felt', 'linger', 'feel', 'pain', 'guilt', 'saw', 'father', 'work', 'hard', 'however', 'mid', 'secondary', 'whilst', 'deliver', 'something', 'great', 'aunt', 'malaysia', 'government', 'declare', 'allow', 'back', 'unless', 'stayed', 'dormant', 'day', 'hospital', 'isolation', 'ward', 'know', 'grit', 'teeth', 'go', 'sat', 'day', 'later', 'week', 'end', 'month', 'forgotten', 'nurse', 'doctor', 'come', 'one', 'day', 'decide', 'get', 'attention', 'nurse', 'stayed', 'long', 'rot', 'hell', 'nurse', 'discover', 'shrivel', 'man', 'hiding', 'world', 'embarassed', 'stay', 'day', 'away', 'without', 'help', 'father', 'child', 'encourage', 'nurse', 'manage', 'leave', 'hospital', 'day', 'left', 'hospital', 'week', 'level', 'start', 'panicked', 'force', 'word', 'number', 'mind', 'everynight', 'go', 'score', 'decent', 'score', 'chemistry', 'emath', 'english', 'fear', 'full', 'courage', 'till', 'day', 'bio', 'paper', 'work', 'hard', 'night', 'image', 'doctor', 'flash', 'mind', 'ala', 'manage', 'study', 'every', 'topic', 'except', 'human', 'reproduction', 'genetic', 'engineering', 'heredity', 'cell', 'division', 'next', 'day', 'boy', 'woke', 'blarry', 'eyed', 'go', 'school', 'hope', 'would', 'lose', 'much', 'mark', 'chapter', 'quieten', 'sat', 'flip', 'open', 'book', 'nightmare', 'horror', 'fuck', 'first', 'second', 'third', 'question', 'obly', 'four', 'topic', 'didnt', 'study', 'human', 'reproduction', 'genetic', 'engineering', 'heredity', 'cell', 'division', 'flip', 'frantically', 'felt', 'sweat', 'trickle', 'pharynx', 'protector', 'felt', 'heart', 'suffer', 'lack', 'muscle', 'movement', 'felt', 'hus', 'testicle', 'retract', 'far', 'pelvis', 'could', 'fap', 'use', 'tongue', 'fateful', 'day', 'lose', 'doctor', 'lose', 'medical', 'professional', 'lose', 'mind', 'screw', 'bio', 'paper', 'screw', 'person', 'set', 'bio', 'paper', 'screw', 'bio']",-0.7003,2020-10-29 00:57:28
6,['All'],"['tw', 'suicide', 'mental', 'illness', 'asd', 'reference', 'year', 'ago', 'go', 'adam', 'khoo', 'motivational', 'course', 'experience', 'exhilarate', 'found', 'end', 'inspire', 'turn', 'new', 'leaf', 'extremely', 'well', 'time', 'go', 'begin', 'realise', 'unhelpful', 'lesson', 'lesson', 'unhelpful', 'also', 'damage', 'one', 'motivation', 'mental', 'health', 'trainer', 'experience', 'psychology', 'know', 'anything', 'mental', 'health', 'yet', 'spoke', 'confidence', 'deal', 'mental', 'illness', 'khoo', 'pseudoscientific', 'naive', 'view', 'mental', 'illness', 'claim', 'believe', 'clinical', 'sic', 'depressed', 'mere', 'thought', 'stimulate', 'chemical', 'brain', 'continue', 'make', 'feel', 'depressed', 'brand', 'coach', 'relies', 'pseudoscience', 'call', 'program', 'psychotherapeutic', 'methodology', 'little', 'evidence', 'support', 'course', 'first', 'experience', 'people', 'mental', 'illness', 'come', 'met', 'old', 'classmate', 'autism', 'vaguely', 'recall', 'one', 'remark', 'least', 'one', 'every', 'year', 'second', 'experience', 'come', 'session', 'share', 'cohort', 'personal', 'issue', 'sort', 'girl', 'b', 'decide', 'share', 'talk', 'occasion', 'one', 'point', 'attempt', 'suicide', 'friend', 'talk', 'c', 'trainer', 'reply', 'first', 'talk', 'suicide', 'call', 'act', 'talk', 'family', 'love', 'kill', 'would', 'hurt', 'family', 'deeply', 'second', 'talk', 'share', 'experience', 'student', 'regularly', 'often', 'hide', 'scar', 'obviously', 'advice', 'slice', 'chicken', 'instead', 'flesh', 'laugh', 'quip', 'anecdote', 'look', 'back', 'however', 'joke', 'help', 'get', 'suicidal', 'ideation', 'anecdote', 'dismissive', 'insult', 'importantly', 'learn', 'anything', 'new', 'technique', 'cope', 'problem', 'reason', 'stop', 'neither', 'refer', 'resource', 'help', 'problem', 'end', 'come', 'joke', 'far', 'talk', 'khoo', 'trainer', 'approach', 'towards', 'mental', 'health', 'reiterate', 'khoo', 'trainer', 'proper', 'training', 'psychology', 'pseudoscience', 'know', 'program', 'nlp', 'give', 'sense', 'nlp', 'practitioner', 'believe', 'tell', 'people', 'lie', 'look', 'eye', 'ca', 'willingness', 'believe', 'pseudoscience', 'transfer', 'directly', 'khoo', 'teach', 'methodology', 'advice', 'study', 'motivation', 'either', 'platitudinous', 'faulty', 'part', 'advice', 'platitudinous', 'even', 'dr', 'barbara', 'oakley', 'professor', 'education', 'asks', 'khoo', 'go', 'beyond', 'platitude', 'go', 'straight', 'go', 'real', 'everyday', 'life', 'interview', 'want', 'know', 'lesson', 'khoo', 'like', 'video', 'youtube', 'entitle', 'khoo', 'condense', 'information', 'learn', 'read', 'fast', 'effectively', 'good', 'example', 'thirteen', 'minute', 'khoo', 'ironically', 'state', 'could', 'say', 'minute', 'longform', 'text', 'good', 'revision', 'contains', 'lot', 'descriptive', 'language', 'make', 'summary', 'note', 'diagram', 'well', 'advice', 'stand', 'shaky', 'ground', 'khoo', 'believe', 'little', 'empirical', 'evidence', 'support', 'purport', 'benefit', 'also', 'promotes', 'idea', 'learn', 'type', 'visual', 'auditory', 'tactile', 'learner', 'pseudoscientific', 'criticise', 'dr', 'oakley', 'every', 'piece', 'advice', 'give', 'however', 'dubious', 'gift', 'book', 'really', 'need', 'spend', 'thousand', 'dollar', 'course', 'tldr', 'go', 'adam', 'khoo', 'course', 'helpful', 'bad', 'want', 'study', 'tip', 'drs', 'barbara', 'oakley', 'terence', 'sejnowski', 'two', 'online', 'course', 'learn', 'learn', 'http', 'mindshift', 'http', 'want', 'help', 'motivation', 'mood', 'dr', 'david', 'burn', 'book', 'cognitive', 'behavioural', 'therapy', 'feel', 'good', 'http', 'want', 'help', 'mental', 'illness', 'might', 'want', 'consider', 'psychiatry', 'psychotherapy', 'know', 'classmate', 'since', 'primary', 'school', 'know', 'autism', 'time', 'back', 'term', 'autism', 'spectrum', 'disorder', 'use', 'believe', 'autism', 'would', 'official', 'diagnosis', 'also', 'note', 'consider', 'autism', 'neurodevelopment', 'disorder', 'rather', 'mental', 'illness', 'b', 'portrayed', 'actual', 'person', 'girl', 'could', 'refer', 'feminine', 'pronoun', 'trainer', 'masculine', 'pronoun', 'gender', 'use', 'indicative', 'identity', 'c', 'although', 'met', 'two', 'people', 'mental', 'illness', 'mental', 'disorder', 'suspect', 'many', 'student', 'sent', 'course', 'realise', 'parent', 'sent', 'child', 'adam', 'khoo', 'afraid', 'acknowledge', 'child', 'might', 'need', 'help', 'child', 'enriche', 'instead', 'help', 'society', 'live', 'parent', 'would', 'rather', 'spend', 'thousand', 'dollar', 'pseudoscience', 'let', 'child', 'seek', 'psychiatry', 'psychotherapy', 'scar', 'think', 'might', 'something', 'wrong', 'child', 'khoo', 'would', 'never', 'label', 'child', 'mental', 'illness', 'eye', 'gift', 'tony', 'robbins', 'incidentally', 'video', 'http', 'suicidal', 'man', 'robbins', 'actually', 'save', 'man', 'help', 'real', 'tangible', 'way', 'tell', 'joke', 'make', 'man', 'smile', 'may', 'inclined', 'believe', 'make', 'suicidal', 'person', 'smile', 'depressed', 'state', 'help', 'suicide', 'really', 'teach', 'well', 'cope', 'problem', 'living', 'address', 'mental', 'health', 'address', 'potentially', 'organic', 'cause', 'mood', 'robbins', 'incidentally', 'nlp', 'practitioner', 'http', 'http', 'http', 'http', 'http', 'http', 'http', 'http', 'http', 'http', 'http', 'http', 'http', 'http', 'http', 'http', 'http', 'http', 'addendum', 'adam', 'khoo', 'health', 'talk', 'lot', 'khoo', 'pseudoscientific', 'belief', 'mental', 'health', 'lead', 'question', 'belief', 'aspect', 'health', 'instance', 'believe', 'cancer', 'cure', 'power', 'mind', 'http', 'khoo', 'director', 'health', 'promotion', 'board', 'http', 'ministry', 'education', 'grant', 'tender', 'sexual', 'health', 'education', 'company', 'http', 'one', 'hope', 'khoo', 'company', 'scientific', 'come', 'aspect', 'health', 'reading', 'http', 'http', 'http', 'http', 'http', 'http']",-0.34,2020-10-05 16:37:51
7,['Sec'],"['hi', 'sorry', 'disturb', 'yall', 'midst', 'prepare', 'national', 'exam', 'suppose', 'sit', 'gce', 'level', 'year', 'ala', 'health', 'deteriorate', 'insidiously', 'give', 'innumerable', 'problem', 'fact', 'month', 'plague', 'illness', 'medically', 'exempt', 'level', 'paper', 'professional', 'im', 'bed', 'rest', 'home', 'im', 'due', 'return', 'school', 'repeat', 'year', 'currently', 'recovery', 'would', 'like', 'find', 'ppl', 'retain', 'yr', 'exp', 'close', 'friend', 'keep', 'reassure', 'bc', 'amicable', 'character', 'personality', 'trait', 'easy', 'make', 'friend', 'people', 'would', 'bully', 'judge', 'since', 'junior', 'tend', 'look', 'senior', 'really', 'fuck', 'shitty', 'already', 'devastate', 'upon', 'prospect', 'retain', 'rlly', 'take', 'emotional', 'toll', 'oh', 'well', 'health', 'come', 'first', 'ask', 'held', 'back', 'experience', 'yall', 'get', 'bully', 'make', 'good', 'friend', 'repeat', 'napfa', 'everything', 'im', 'j', 'really', 'nervous', 'bc', 'wan', 'na', 'excel', 'academically', 'also', 'need', 'freak', 'friend', 'group', 'emotional', 'support', 'academic', 'help', 'teacher', 'sch', 'felt', 'bad', 'bc', 'health', 'also', 'sweet', 'n', 'understand', 'im', 'sorry', 'rant', 'superfluous', 'lengthy', 'im', 'stuck', 'btwn', 'rock', 'hard', 'place', 'worried', 'ab', 'next', 'year', 'stuff', 'feel', 'like', 'intruder', 'outsider', 'belong', 'truth', 'need', 'another', 'shot', 'make', 'since', 'show', 'moreover', 'terminal', 'illness', 'fully', 'possible', 'recover', 'really', 'sorry', 'overly', 'long', 'post', 'would', 'greatly', 'appreciate', 'guy', 'share', 'experience', 'thank', 'u', 'reading', 'send', 'best', 'wish', 'subsequent', 'paper', 'best', 'edit', 'fuck', 'upvotes', 'ahhhhhhh', 'thanks', 'everyone', 'heartwarming', 'reply', 'rlly', 'touch', 'already', 'feel', 'ease', 'reading', 'ur', 'comment', 'ca', 'express', 'grateful', 'word', 'thank', 'u', 'much', 'everyone', 'edit', 'yall', 'thanks', 'upvotes', 'feel', 'like', 'celebrity', 'may', 'bellcurve', 'god', 'bless', 'edit', 'wowza', 'award', 'grateful', 'thanks', 'lot', 'upvotes', 'u', 'guy', 'best', 'edit', 'guy', 'im', 'touch', 'outpour', 'benevolent', 'kind', 'supportive', 'message', 'whether', 'reply', 'post', 'private', 'dm', 'mean', 'lot', 'im', 'incredibly', 'grateful', 'know', 'many', 'selfless', 'people', 'take', 'time', 'yr', 'day', 'drop', 'message', 'make', 'sick', 'hoe', 'feel', 'well', 'im', 'really', 'truly', 'thankful', 'support', 'feel', 'hopeless', 'right', 'guy', 'idea', 'much', 'mean', 'huge', 'number', 'ppl', 'rally', 'feel', 'happier', 'every', 'time', 'someone', 'drop', 'message', 'thank', 'guy', 'enough', 'wish', 'u', 'best', 'subsequent', 'paper', 'life', 'express', 'heartfelt', 'thanks', 'feel', 'greatly', 'bless', 'thank', 'make', 'day', 'little', 'brighter', 'edit', 'virtual', 'hug', 'p', 'upvotes', 'thanks', 'dude']",-0.4019,2020-10-20 16:47:08
8,['JC'],"['hello', 'redditors', 'would', 'like', 'address', 'everyone', 'level', 'choose', 'future', 'chase', 'interest', 'chose', 'level', 'flair', 'understand', 'many', 'student', 'may', 'face', 'similar', 'problem', 'create', 'lovely', 'traditional', 'asian', 'parent', 'especially', 'crucial', 'turn', 'point', 'life', 'follow', 'story', 'end', 'get', 'choose', 'story', 'year', 'old', 'currently', 'national', 'service', 'complete', 'level', 'come', 'neighborhood', 'primary', 'school', 'prestigious', 'secondary', 'school', 'move', 'neighborhood', 'jc', 'since', 'primary', 'school', 'force', 'study', 'year', 'old', 'study', 'parent', 'put', 'immense', 'pressure', 'result', 'sometimes', 'case', 'juncture', 'parent', 'told', 'aim', 'become', 'doctor', 'get', 'high', 'salary', 'live', 'peaceful', 'life', 'misguide', 'aim', 'doctor', 'job', 'even', 'know', 'thing', 'call', 'specialist', 'someone', 'secondary', 'school', 'ask', 'knew', 'chase', 'cca', 'parent', 'force', 'chess', 'club', 'award', 'seldom', 'never', 'interested', 'chess', 'secondary', 'school', 'sec', 'one', 'brightest', 'kid', 'top', 'cohort', 'go', 'stage', 'receive', 'award', 'really', 'interest', 'point', 'parent', 'case', 'push', 'ug', 'group', 'uniform', 'look', 'good', 'interest', 'want', 'join', 'sport', 'like', 'floorball', 'parent', 'discourage', 'say', 'sport', 'tire', 'study', 'sec', 'first', 'time', 'ever', 'get', 'handphone', 'tell', 'parent', 'traditional', 'mindset', 'sec', 'come', 'downfall', 'begin', 'force', 'take', 'triple', 'science', 'double', 'human', 'double', 'math', 'english', 'mt', 'hmt', 'subject', 'reason', 'parent', 'chose', 'combination', 'look', 'good', 'portfolio', 'show', 'f', 'would', 'choose', 'subject', 'base', 'character', 'defines', 'pick', 'subject', 'base', 'interest', 'struggle', 'struggle', 'even', 'teacher', 'advise', 'drop', 'subject', 'could', 'cope', 'told', 'parent', 'could', 'cope', 'told', 'persevere', 'get', 'astound', 'point', 'prelim', 'somehow', 'manage', 'scrape', 'level', 'decent', 'score', 'point', 'come', 'jc', 'life', 'already', 'hat', 'level', 'study', 'regime', 'want', 'go', 'poly', 'traditional', 'parent', 'told', 'poly', 'waste', 'time', 'diploma', 'useless', 'option', 'jae', 'application', 'jc', 'single', 'trace', 'poly', 'course', 'even', 'could', 'choose', 'jc', 'want', 'go', 'parent', 'force', 'choose', 'jc', 'near', 'house', 'happen', 'ajc', 'fact', 'raise', 'single', 'child', 'shelter', 'one', 'give', 'ability', 'choose', 'freedom', 'take', 'away', 'felt', 'like', 'cage', 'bird', 'cry', 'enter', 'jc', 'already', 'like', 'first', 'week', 'workload', 'kept', 'pile', 'kept', 'struggle', 'force', 'join', 'slack', 'cca', 'like', 'drama', 'could', 'choose', 'sport', 'cca', 'even', 'something', 'like', 'council', 'note', 'point', 'academic', 'may', 'something', 'personality', 'skill', 'wise', 'complete', 'zero', 'master', 'single', 'skill', 'even', 'simple', 'one', 'like', 'public', 'speak', 'play', 'musical', 'instrument', 'end', 'come', 'badly', 'give', 'advance', 'notice', 'ability', 'choose', 'retain', 'strengthen', 'foundation', 'advance', 'oh', 'btw', 'take', 'pcme', 'standard', 'combination', 'across', 'entire', 'singapore', 'know', 'honestly', 'know', 'want', 'future', 'told', 'parent', 'want', 'explore', 'poly', 'route', 'something', 'like', 'engineering', 'say', 'must', 'become', 'doctor', 'doctor', 'best', 'poly', 'taboo', 'say', 'least', 'retain', 'strengthen', 'foundation', 'say', 'image', 'keep', 'front', 'colleague', 'see', 'junior', 'last', 'time', 'wo', 'feel', 'shameful', 'wo', 'feel', 'shameful', 'retain', 'shame', 'get', 'house', 'choose', 'retain', 'go', 'poly', 'choice', 'advanced', 'join', 'yoth', 'corp', 'singapore', 'leader', 'programme', 'hobby', 'take', 'mind', 'study', 'parent', 'told', 'quit', 'immediately', 'month', 'mental', 'resilience', 'obtain', 'youth', 'corp', 'go', 'struggle', 'prelim', 'horrible', 'rankpoints', 'level', 'even', 'ask', 'get', 'rankpoints', 'miserable', 'e', 'pcme', 'gp', 'pw', 'even', 'result', 'tell', 'suit', 'poly', 'project', 'work', 'fun', 'manageable', 'independent', 'practical', 'learner', 'theory', 'mug', 'regurgitation', 'vomit', 'tys', 'past', 'year', 'paper', 'never', 'work', 'even', 'result', 'month', 'childing', 'parent', 'never', 'understood', 'point', 'told', 'retake', 'level', 'n', 'turn', 'study', 'n', 'drive', 'even', 'want', 'study', 'lazy', 'bless', 'section', 'mate', 'would', 'wake', 'way', 'early', 'remind', 'study', 'tell', 'interest', 'retake', 'told', 'retake', 'cb', 'come', 'cb', 'actually', 'blessing', 'disguise', 'everyone', 'around', 'told', 'study', 'instead', 'use', 'precious', 'time', 'reflect', 'mistake', 'fitness', 'skill', 'future', 'lot', 'think', 'do', 'write', 'journal', 'entry', 'every', 'single', 'day', 'see', 'feel', 'finally', 'come', 'gameplan', 'develop', 'skill', 'join', 'poly', 'ord', 'soon', 'tell', 'plan', 'parent', 'morning', 'wonder', 'reaction', 'news', 'time', 'argue', 'follow', 'interest', 'even', 'fight', 'future', 'right', 'deserve', 'choice', 'get', 'choose', 'future', 'voice', 'start', 'personal', 'blog', 'pm', 'link', 'keep', 'mind', 'start', 'day', 'ago', 'develop', 'skill', 'freelance', 'blogger', 'blog', 'entertain', 'suggestion', 'new', 'issue', 'hope', 'get', 'point', 'across', 'everyone', 'always', 'follow', 'interest', 'plan', 'future', 'get', 'make', 'break', 'story', 'choose', 'voice', 'edit', 'work', 'mother', 'accept', 'want', 'join', 'poly', 'soon', 'thank', 'everyone', 'personally', 'write', 'comment', 'section', 'mean', 'lot', 'read', 'post', 'edit', 'since', 'many', 'ask', 'plug', 'link', 'blog', 'edit', 'thing', 'take', 'huge', 'turn', 'confess', 'dad', 'interest', 'retake', 'large', 'argument', 'broke', 'get', 'chance', 'pursue', 'degree', 'biomed', 'another', 'country', 'life', 'course', 'parent', 'become', 'understand', 'backbone', 'opportunity', 'believe', 'miracle', 'happens']",0.0,2020-05-20 10:51:24
9,['Sec'],"['sent', 'mt', 'class', 'chat', 'decide', 'dick', 'around', 'email', 'hopefully', 'help', 'everyone', 'pull', 'bell', 'curve', 'write', 'pinyin', 'ä', 'forgot', 'write', 'ä', 'many', 'mark', 'get']",0.6369,2020-06-19 23:55:56
